timestamp,type,raw_line
2026-05-28T16:22:01,RAW,"79956036.653334,RSSI=-80"
2026-05-28T16:22:01,RAW,Last UDP RSSI : -80 dBm
2026-05-28T16:22:01,RAW,====================================
2026-05-28T16:22:01,RAW,========== CURRENT SUMMARY ==========
2026-05-28T16:22:01,RAW,WiFi Status   : Connected
2026-05-28T16:22:01,RAW,ESP32 IP      : 172.20.10.14
2026-05-28T16:22:01,RAW,RSSI          : -80 dBm
2026-05-28T16:22:01,RAW,UDP Count     : 48
2026-05-28T16:22:01,RAW,CSI Count     : 110
2026-05-28T16:22:01,RAW,"Last UDP      : PING,52,1779956036.653334"
2026-05-28T16:22:01,RAW,"Last ACK      : ACK,PING,52,1779956036.653334,RSSI=-80"
2026-05-28T16:22:01,RAW,Last UDP RSSI : -80 dBm
2026-05-28T16:22:01,RAW,====================================
2026-05-28T16:22:01,CSI,"CSI_DATA,111,639391,-71,6,256,0 0 -18 -22 -14 -23 -12 -21 -10 -17 -8 -13 -10 -9 -12 -5 -13 -2 -15 1 -17 1 -20 2 -21 0 -21 -1 -21 -2 -18 -3 -17 -3 -14 -4 -13 -3 -11 -1 -10 1 -11 1 -11 2 -12 2 -13 2 -13 1 -13 -1 0 0 0 0 0 0 0 0 0 0 0 0 0 0 0 0 0 0 0 0 0 0 5 -7 6 -7 7 -7 6 -6 8 -7 7 -6 7 -6 5 -6 5 -6 3 -6 1 -9 1 -11 1 -14 2 -15 5 -16 5 -15 4 -13 5 -13 2 -11 -1 -9 -5 -9 -9 -10 -13 -12 -17 -13 -17 -16 -18 -20"
2026-05-28T16:22:01,RAW,========== UDP DEBUG ==========
2026-05-28T16:22:01,RAW,Packet Size : 24
2026-05-28T16:22:01,RAW,Remote IP   : 172.20.10.5
2026-05-28T16:22:01,RAW,Remote Port : 63432
2026-05-28T16:22:01,RAW,"Last UDP    : PING,1,1779956520.992369"
2026-05-28T16:22:01,RAW,"ACK Message : ACK,PING,1,1779956520.992369,RSSI=-79"
2026-05-28T16:22:01,RAW,beginPacket : 1
2026-05-28T16:22:01,RAW,endPacket   : 1
2026-05-28T16:22:01,RAW,===============================
2026-05-28T16:22:02,RAW,========== CURRENT SUMMARY ==========
2026-05-28T16:22:02,RAW,WiFi Status   : Connected
2026-05-28T16:22:02,RAW,ESP32 IP      : 172.20.10.14
2026-05-28T16:22:02,RAW,RSSI          : -78 dBm
2026-05-28T16:22:02,RAW,UDP Count     : 49
2026-05-28T16:22:02,RAW,CSI Count     : 111
2026-05-28T16:22:02,RAW,"Last UDP      : PING,1,1779956520.992369"
2026-05-28T16:22:02,RAW,"Last ACK      : ACK,PING,1,1779956520.992369,RSSI=-79"
2026-05-28T16:22:02,RAW,Last UDP RSSI : -79 dBm
2026-05-28T16:22:02,RAW,====================================
2026-05-28T16:22:03,RAW,========== UDP DEBUG ==========
2026-05-28T16:22:03,RAW,Packet Size : 24
2026-05-28T16:22:03,RAW,Remote IP   : 172.20.10.5
2026-05-28T16:22:03,RAW,Remote Port : 63432
2026-05-28T16:22:03,RAW,"Last UDP    : PING,2,1779956522.668351"
2026-05-28T16:22:03,RAW,"ACK Message : ACK,PING,2,1779956522.668351,RSSI=-80"
2026-05-28T16:22:03,RAW,beginPacket : 1
2026-05-28T16:22:03,RAW,endPacket   : 1
2026-05-28T16:22:03,RAW,===============================
2026-05-28T16:22:03,RAW,========== CURRENT SUMMARY ==========
2026-05-28T16:22:03,RAW,WiFi Status   : Connected
2026-05-28T16:22:03,RAW,ESP32 IP      : 172.20.10.14
2026-05-28T16:22:03,RAW,RSSI          : -80 dBm
2026-05-28T16:22:03,RAW,UDP Count     : 50
2026-05-28T16:22:03,RAW,CSI Count     : 111
2026-05-28T16:22:03,RAW,"Last UDP      : PING,2,1779956522.668351"
2026-05-28T16:22:03,RAW,"Last ACK      : ACK,PING,2,1779956522.668351,RSSI=-80"
2026-05-28T16:22:03,RAW,Last UDP RSSI : -80 dBm
2026-05-28T16:22:03,RAW,====================================
2026-05-28T16:22:04,RAW,========== CURRENT SUMMARY ==========
2026-05-28T16:22:04,RAW,WiFi Status   : Connected
2026-05-28T16:22:04,RAW,ESP32 IP      : 172.20.10.14
2026-05-28T16:22:04,RAW,RSSI          : -80 dBm
2026-05-28T16:22:04,RAW,UDP Count     : 50
2026-05-28T16:22:04,RAW,CSI Count     : 111
2026-05-28T16:22:04,RAW,"Last UDP      : PING,2,1779956522.668351"
2026-05-28T16:22:04,RAW,"Last ACK      : ACK,PING,2,1779956522.668351,RSSI=-80"
2026-05-28T16:22:04,RAW,Last UDP RSSI : -80 dBm
2026-05-28T16:22:04,RAW,====================================
2026-05-28T16:22:04,RAW,========== UDP DEBUG ==========
2026-05-28T16:22:04,RAW,Packet Size : 24
2026-05-28T16:22:04,RAW,Remote IP   : 172.20.10.5
2026-05-28T16:22:04,RAW,Remote Port : 63432
2026-05-28T16:22:04,RAW,"Last UDP    : PING,3,1779956524.036169"
2026-05-28T16:22:04,RAW,"ACK Message : ACK,PING,3,1779956524.036169,RSSI=-79"
2026-05-28T16:22:04,RAW,beginPacket : 1
2026-05-28T16:22:04,RAW,endPacket   : 1
2026-05-28T16:22:04,RAW,===============================
2026-05-28T16:22:05,RAW,========== CURRENT SUMMARY ==========
2026-05-28T16:22:05,RAW,WiFi Status   : Connected
2026-05-28T16:22:05,RAW,ESP32 IP      : 172.20.10.14
2026-05-28T16:22:05,RAW,RSSI          : -79 dBm
2026-05-28T16:22:05,RAW,UDP Count     : 51
2026-05-28T16:22:05,RAW,CSI Count     : 111
2026-05-28T16:22:05,RAW,"Last UDP      : PING,3,1779956524.036169"
2026-05-28T16:22:05,RAW,"Last ACK      : ACK,PING,3,1779956524.036169,RSSI=-79"
2026-05-28T16:22:05,RAW,Last UDP RSSI : -79 dBm
2026-05-28T16:22:05,RAW,====================================
2026-05-28T16:22:05,CSI,"CSI_DATA,112,643933,-71,6,128,0 0 2 -16 0 -15 0 -14 -1 -12 -3 -9 -4 -7 -6 -4 -8 -1 -10 2 -14 3 -16 4 -17 3 -18 3 -19 1 -18 1 -16 -2 -14 -1 -11 -2 -7 -1 -5 2 -3 4 -2 7 -3 10 -4 12 -7 13 -10 13 0 0 0 0 0 0 0 0 0 0 0 0 0 0 0 0 0 0 0 0 0 0 2 9 3 6 6 3 8 2 12 2 15 2 18 5 20 9 21 12 17 15 15 16 13 15 10 13 8 9 6 6 6 3 6 -2 6 -5 7 -8 8 -11 8 -12 8 -15 8 -15 6 -16 5 -17 4 -17"
2026-05-28T16:22:05,RAW,========== UDP DEBUG ==========
2026-05-28T16:22:05,RAW,Packet Size : 24
2026-05-28T16:22:05,RAW,Remote IP   : 172.20.10.5
2026-05-28T16:22:05,RAW,Remote Port : 63432
2026-05-28T16:22:05,RAW,"Last UDP    : PING,4,1779956525.567647"
2026-05-28T16:22:05,RAW,"ACK Message : ACK,PING,4,1779956525.567647,RSSI=-79"
2026-05-28T16:22:05,RAW,beginPacket : 1
2026-05-28T16:22:05,RAW,endPacket   : 1
2026-05-28T16:22:05,RAW,===============================
2026-05-28T16:22:06,RAW,========== CURRENT SUMMARY ==========
2026-05-28T16:22:06,RAW,WiFi Status   : Connected
2026-05-28T16:22:06,RAW,ESP32 IP      : 172.20.10.14
2026-05-28T16:22:06,RAW,RSSI          : -79 dBm
2026-05-28T16:22:06,RAW,UDP Count     : 52
2026-05-28T16:22:06,RAW,CSI Count     : 112
2026-05-28T16:22:06,RAW,"Last UDP      : PING,4,1779956525.567647"
2026-05-28T16:22:06,RAW,"Last ACK      : ACK,PING,4,1779956525.567647,RSSI=-79"
2026-05-28T16:22:06,RAW,Last UDP RSSI : -79 dBm
2026-05-28T16:22:06,RAW,====================================
2026-05-28T16:22:07,RAW,========== CURRENT SUMMARY ==========
2026-05-28T16:22:07,RAW,WiFi Status   : Connected
2026-05-28T16:22:07,RAW,ESP32 IP      : 172.20.10.14
2026-05-28T16:22:07,RAW,RSSI          : -82 dBm
2026-05-28T16:22:07,RAW,UDP Count     : 52
2026-05-28T16:22:07,RAW,CSI Count     : 112
2026-05-28T16:22:07,RAW,"Last UDP      : PING,4,1779956525.567647"
2026-05-28T16:22:07,RAW,"Last ACK      : ACK,PING,4,1779956525.567647,RSSI=-79"
2026-05-28T16:22:07,RAW,Last UDP RSSI : -79 dBm
2026-05-28T16:22:07,RAW,====================================
2026-05-28T16:22:07,CSI,"CSI_DATA,113,645417,-72,6,256,0 0 2 25 2 24 0 23 0 21 -1 19 0 15 0 10 2 7 5 4 7 0 9 -2 11 -3 13 -5 14 -5 15 -6 16 -6 15 -4 15 -4 14 -3 13 -2 11 -2 9 0 8 -2 6 -2 4 -2 4 -3 0 0 0 0 0 0 0 0 0 0 0 0 0 0 0 0 0 0 0 0 0 0 -8 -15 -7 -15 -4 -16 -2 -16 -1 -14 -1 -11 -2 -9 -3 -5 -6 -3 -10 -3 -13 -1 -16 -1 -18 -2 -20 -2 -21 -4 -21 -6 -20 -7 -18 -6 -14 -5 -11 -3 -7 -1 -4 2 0 8 2 12 3 16 3 20"
2026-05-28T16:22:07,RAW,========== UDP DEBUG ==========
2026-05-28T16:22:07,RAW,Packet Size : 24
2026-05-28T16:22:07,RAW,Remote IP   : 172.20.10.5
2026-05-28T16:22:07,RAW,Remote Port : 63432
2026-05-28T16:22:07,RAW,"Last UDP    : PING,5,1779956527.007275"
2026-05-28T16:22:07,RAW,"ACK Message : ACK,PING,5,1779956527.007275,RSSI=-73"
2026-05-28T16:22:07,RAW,beginPacket : 1
2026-05-28T16:22:07,RAW,endPacket   : 1
2026-05-28T16:22:07,RAW,===============================
2026-05-28T16:22:08,RAW,========== CURRENT SUMMARY ==========
2026-05-28T16:22:08,RAW,WiFi Status   : Connected
2026-05-28T16:22:08,RAW,ESP32 IP      : 172.20.10.14
2026-05-28T16:22:08,RAW,RSSI          : -73 dBm
2026-05-28T16:22:08,RAW,UDP Count     : 53
2026-05-28T16:22:08,RAW,CSI Count     : 113
2026-05-28T16:22:08,RAW,"Last UDP      : PING,5,1779956527.007275"
2026-05-28T16:22:08,RAW,"Last ACK      : ACK,PING,5,1779956527.007275,RSSI=-73"
2026-05-28T16:22:08,RAW,Last UDP RSSI : -73 dBm
2026-05-28T16:22:08,RAW,====================================
2026-05-28T16:22:09,RAW,========== CURRENT SUMMARY ==========
2026-05-28T16:22:09,RAW,WiFi Status   : Connected
2026-05-28T16:22:09,RAW,ESP32 IP      : 172.20.10.14
2026-05-28T16:22:09,RAW,RSSI          : -80 dBm
2026-05-28T16:22:09,RAW,UDP Count     : 53
2026-05-28T16:22:09,RAW,CSI Count     : 113
2026-05-28T16:22:09,RAW,"Last UDP      : PING,5,1779956527.007275"
2026-05-28T16:22:09,RAW,"Last ACK      : ACK,PING,5,1779956527.007275,RSSI=-73"
2026-05-28T16:22:09,RAW,Last UDP RSSI : -73 dBm
2026-05-28T16:22:09,RAW,====================================
2026-05-28T16:22:09,CSI,"CSI_DATA,114,647455,-72,6,256,0 0 9 -6 9 -7 10 -8 9 -8 9 -9 7 -10 5 -10 3 -11 0 -11 -1 -11 -4 -11 -5 -11 -5 -10 -5 -9 -6 -9 -5 -7 -6 -5 -7 -4 -8 -2 -9 -1 -8 1 -10 0 -11 1 -12 1 -10 1 -10 -1 0 0 0 0 0 0 0 0 0 0 0 0 0 0 0 0 0 0 0 0 0 0 -12 2 -14 0 -16 -2 -18 -4 -17 -7 -17 -9 -14 -11 -13 -11 -9 -10 -6 -7 -4 -5 -1 -2 0 2 0 6 1 9 0 12 -1 15 -1 15 -1 16 -2 15 -3 14 -1 11 0 9 2 5 4 3 5 -1"
2026-05-28T16:22:09,RAW,========== UDP DEBUG ==========
2026-05-28T16:22:09,RAW,Packet Size : 24
2026-05-28T16:22:09,RAW,Remote IP   : 172.20.10.5
2026-05-28T16:22:09,RAW,Remote Port : 63432
2026-05-28T16:22:09,RAW,"Last UDP    : PING,6,1779956528.887866"
2026-05-28T16:22:09,RAW,"ACK Message : ACK,PING,6,1779956528.887866,RSSI=-79"
2026-05-28T16:22:09,RAW,beginPacket : 1
2026-05-28T16:22:09,RAW,endPacket   : 1
2026-05-28T16:22:09,RAW,===============================
2026-05-28T16:22:10,RAW,========== CURRENT SUMMARY ==========
2026-05-28T16:22:10,RAW,WiFi Status   : Connected
2026-05-28T16:22:10,RAW,ESP32 IP      : 172.20.10.14
2026-05-28T16:22:10,RAW,RSSI          : -79 dBm
2026-05-28T16:22:10,RAW,UDP Count     : 54
2026-05-28T16:22:10,RAW,CSI Count     : 114
2026-05-28T16:22:10,RAW,"Last UDP      : PING,6,1779956528.887866"
2026-05-28T16:22:10,RAW,"Last ACK      : ACK,PING,6,1779956528.887866,RSSI=-79"
2026-05-28T16:22:10,RAW,Last UDP RSSI : -79 dBm
2026-05-28T16:22:10,RAW,====================================
2026-05-28T16:22:10,CSI,"CSI_DATA,115,648945,-73,6,128,0 0 -5 1 -4 4 -2 5 1 8 2 8 5 8 8 8 10 9 13 8 15 7 15 6 16 5 15 5 15 3 12 2 12 1 9 0 4 -1 3 -3 0 -5 2 -7 -3 -8 -4 -12 -4 -13 -2 -14 -1 -15 0 0 0 0 0 0 0 0 0 0 0 0 0 0 0 0 0 0 0 0 0 0 14 4 15 7 16 9 16 13 16 15 14 16 12 18 9 17 7 14 4 13 1 10 0 5 -2 1 -3 -4 -4 -8 -4 -11 -4 -13 -5 -17 -6 -17 -5 -17 -6 -17 -7 -16 -8 -13 -7 -10 -7 -7 -7 -4"
2026-05-28T16:22:11,RAW,========== CURRENT SUMMARY ==========
2026-05-28T16:22:11,RAW,WiFi Status   : Connected
2026-05-28T16:22:11,RAW,ESP32 IP      : 172.20.10.14
2026-05-28T16:22:11,RAW,RSSI          : -77 dBm
2026-05-28T16:22:11,RAW,UDP Count     : 54
2026-05-28T16:22:11,RAW,CSI Count     : 115
2026-05-28T16:22:11,RAW,"Last UDP      : PING,6,1779956528.887866"
2026-05-28T16:22:11,RAW,"Last ACK      : ACK,PING,6,1779956528.887866,RSSI=-79"
2026-05-28T16:22:11,RAW,Last UDP RSSI : -79 dBm
2026-05-28T16:22:11,RAW,====================================
2026-05-28T16:22:12,RAW,========== CURRENT SUMMARY ==========
2026-05-28T16:22:12,RAW,WiFi Status   : Connected
2026-05-28T16:22:12,RAW,ESP32 IP      : 172.20.10.14
2026-05-28T16:22:12,RAW,RSSI          : -78 dBm
2026-05-28T16:22:12,RAW,UDP Count     : 54
2026-05-28T16:22:12,RAW,CSI Count     : 115
2026-05-28T16:22:12,RAW,"Last UDP      : PING,6,1779956528.887866"
2026-05-28T16:22:12,RAW,"Last ACK      : ACK,PING,6,1779956528.887866,RSSI=-79"
2026-05-28T16:22:12,RAW,Last UDP RSSI : -79 dBm
2026-05-28T16:22:12,RAW,====================================
2026-05-28T16:22:13,RAW,========== CURRENT SUMMARY ==========
2026-05-28T16:22:13,RAW,WiFi Status   : Connected
2026-05-28T16:22:13,RAW,ESP32 IP      : 172.20.10.14
2026-05-28T16:22:13,RAW,RSSI          : -78 dBm
2026-05-28T16:22:13,RAW,UDP Count     : 54
2026-05-28T16:22:13,RAW,CSI Count     : 115
2026-05-28T16:22:13,RAW,"Last UDP      : PING,6,1779956528.887866"
2026-05-28T16:22:13,RAW,"Last ACK      : ACK,PING,6,1779956528.887866,RSSI=-79"
2026-05-28T16:22:13,RAW,Last UDP RSSI : -79 dBm
2026-05-28T16:22:13,RAW,====================================
2026-05-28T16:22:14,RAW,========== CURRENT SUMMARY ==========
2026-05-28T16:22:14,RAW,WiFi Status   : Connected
2026-05-28T16:22:14,RAW,ESP32 IP      : 172.20.10.14
2026-05-28T16:22:14,RAW,RSSI          : -78 dBm
2026-05-28T16:22:14,RAW,UDP Count     : 54
2026-05-28T16:22:14,RAW,CSI Count     : 115
2026-05-28T16:22:14,RAW,"Last UDP      : PING,6,1779956528.887866"
2026-05-28T16:22:14,RAW,"Last ACK      : ACK,PING,6,1779956528.887866,RSSI=-79"
2026-05-28T16:22:14,RAW,Last UDP RSSI : -79 dBm
2026-05-28T16:22:14,RAW,====================================
2026-05-28T16:22:15,RAW,========== CURRENT SUMMARY ==========
2026-05-28T16:22:15,RAW,WiFi Status   : Connected
2026-05-28T16:22:15,RAW,ESP32 IP      : 172.20.10.14
2026-05-28T16:22:15,RAW,RSSI          : -79 dBm
2026-05-28T16:22:15,RAW,UDP Count     : 54
2026-05-28T16:22:15,RAW,CSI Count     : 115
2026-05-28T16:22:15,RAW,"Last UDP      : PING,6,1779956528.887866"
2026-05-28T16:22:15,RAW,"Last ACK      : ACK,PING,6,1779956528.887866,RSSI=-79"
2026-05-28T16:22:15,RAW,Last UDP RSSI : -79 dBm
2026-05-28T16:22:15,RAW,====================================
2026-05-28T16:22:16,RAW,========== CURRENT SUMMARY ==========
2026-05-28T16:22:16,RAW,WiFi Status   : Connected
2026-05-28T16:22:16,RAW,ESP32 IP      : 172.20.10.14
2026-05-28T16:22:16,RAW,RSSI          : -81 dBm
2026-05-28T16:22:16,RAW,UDP Count     : 54
2026-05-28T16:22:16,RAW,CSI Count     : 115
2026-05-28T16:22:16,RAW,"Last UDP      : PING,6,1779956528.887866"
2026-05-28T16:22:16,RAW,"Last ACK      : ACK,PING,6,1779956528.887866,RSSI=-79"
2026-05-28T16:22:16,RAW,Last UDP RSSI : -79 dBm
2026-05-28T16:22:16,RAW,====================================
2026-05-28T16:22:17,RAW,========== CURRENT SUMMARY ==========
2026-05-28T16:22:17,RAW,WiFi Status   : Connected
2026-05-28T16:22:17,RAW,ESP32 IP      : 172.20.10.14
2026-05-28T16:22:17,RAW,RSSI          : -80 dBm
2026-05-28T16:22:17,RAW,UDP Count     : 54
2026-05-28T16:22:17,RAW,CSI Count     : 115
2026-05-28T16:22:17,RAW,"Last UDP      : PING,6,1779956528.887866"
2026-05-28T16:22:17,RAW,"Last ACK      : ACK,PING,6,1779956528.887866,RSSI=-79"
2026-05-28T16:22:17,RAW,Last UDP RSSI : -79 dBm
2026-05-28T16:22:17,RAW,====================================
2026-05-28T16:22:18,RAW,========== CURRENT SUMMARY ==========
2026-05-28T16:22:18,RAW,WiFi Status   : Connected
2026-05-28T16:22:18,RAW,ESP32 IP      : 172.20.10.14
2026-05-28T16:22:18,RAW,RSSI          : -81 dBm
2026-05-28T16:22:18,RAW,UDP Count     : 54
2026-05-28T16:22:18,RAW,CSI Count     : 115
2026-05-28T16:22:18,RAW,"Last UDP      : PING,6,1779956528.887866"
2026-05-28T16:22:18,RAW,"Last ACK      : ACK,PING,6,1779956528.887866,RSSI=-79"
2026-05-28T16:22:18,RAW,Last UDP RSSI : -79 dBm
2026-05-28T16:22:18,RAW,====================================
2026-05-28T16:22:19,RAW,========== CURRENT SUMMARY ==========
2026-05-28T16:22:19,RAW,WiFi Status   : Connected
2026-05-28T16:22:19,RAW,ESP32 IP      : 172.20.10.14
2026-05-28T16:22:19,RAW,RSSI          : -74 dBm
2026-05-28T16:22:19,RAW,UDP Count     : 54
2026-05-28T16:22:19,RAW,CSI Count     : 115
2026-05-28T16:22:19,RAW,"Last UDP      : PING,6,1779956528.887866"
2026-05-28T16:22:19,RAW,"Last ACK      : ACK,PING,6,1779956528.887866,RSSI=-79"
2026-05-28T16:22:19,RAW,Last UDP RSSI : -79 dBm
2026-05-28T16:22:19,RAW,====================================
2026-05-28T16:22:20,RAW,========== CURRENT SUMMARY ==========
2026-05-28T16:22:20,RAW,WiFi Status   : Connected
2026-05-28T16:22:20,RAW,ESP32 IP      : 172.20.10.14
2026-05-28T16:22:20,RAW,RSSI          : -80 dBm
2026-05-28T16:22:20,RAW,UDP Count     : 54
2026-05-28T16:22:20,RAW,CSI Count     : 115
2026-05-28T16:22:20,RAW,"Last UDP      : PING,6,1779956528.887866"
2026-05-28T16:22:20,RAW,"Last ACK      : ACK,PING,6,1779956528.887866,RSSI=-79"
2026-05-28T16:22:20,RAW,Last UDP RSSI : -79 dBm
2026-05-28T16:22:20,RAW,====================================
2026-05-28T16:22:20,CSI,"CSI_DATA,116,658982,-74,6,128,0 0 6 10 7 13 7 11 10 10 10 9 11 7 10 5 9 0 10 0 11 -4 10 -7 10 -7 7 -9 5 -8 5 -8 1 -9 -2 -9 -3 -10 -6 -11 -4 -11 -10 -9 -10 -8 -12 -14 -10 -8 -16 -9 -15 -8 0 0 0 0 0 0 0 0 0 0 0 0 0 0 0 0 0 0 0 0 0 0 11 1 12 3 15 6 13 7 15 10 10 11 9 12 6 12 2 9 -2 7 -3 5 -6 2 -7 -3 -8 -4 -7 -7 -9 -11 -9 -12 -10 -14 -7 -13 -7 -12 -4 -11 -3 -7 0 -2 0 1 2 4 4 6"
2026-05-28T16:22:21,RAW,========== CURRENT SUMMARY ==========
2026-05-28T16:22:21,RAW,WiFi Status   : Connected
2026-05-28T16:22:21,RAW,ESP32 IP      : 172.20.10.14
2026-05-28T16:22:21,RAW,RSSI          : -79 dBm
2026-05-28T16:22:21,RAW,UDP Count     : 54
2026-05-28T16:22:21,RAW,CSI Count     : 116
2026-05-28T16:22:21,RAW,"Last UDP      : PING,6,1779956528.887866"
2026-05-28T16:22:21,RAW,"Last ACK      : ACK,PING,6,1779956528.887866,RSSI=-79"
2026-05-28T16:22:21,RAW,Last UDP RSSI : -79 dBm
2026-05-28T16:22:21,RAW,====================================
2026-05-28T16:22:22,RAW,========== CURRENT SUMMARY ==========
2026-05-28T16:22:22,RAW,WiFi Status   : Connected
2026-05-28T16:22:22,RAW,ESP32 IP      : 172.20.10.14
2026-05-28T16:22:22,RAW,RSSI          : -73 dBm
2026-05-28T16:22:22,RAW,UDP Count     : 54
2026-05-28T16:22:22,RAW,CSI Count     : 116
2026-05-28T16:22:22,RAW,"Last UDP      : PING,6,1779956528.887866"
2026-05-28T16:22:22,RAW,"Last ACK      : ACK,PING,6,1779956528.887866,RSSI=-79"
2026-05-28T16:22:22,RAW,Last UDP RSSI : -79 dBm
2026-05-28T16:22:22,RAW,====================================
2026-05-28T16:22:23,RAW,========== CURRENT SUMMARY ==========
2026-05-28T16:22:23,RAW,WiFi Status   : Connected
2026-05-28T16:22:23,RAW,ESP32 IP      : 172.20.10.14
2026-05-28T16:22:23,RAW,RSSI          : -73 dBm
2026-05-28T16:22:23,RAW,UDP Count     : 54
2026-05-28T16:22:23,RAW,CSI Count     : 116
2026-05-28T16:22:23,RAW,"Last UDP      : PING,6,1779956528.887866"
2026-05-28T16:22:23,RAW,"Last ACK      : ACK,PING,6,1779956528.887866,RSSI=-79"
2026-05-28T16:22:23,RAW,Last UDP RSSI : -79 dBm
2026-05-28T16:22:23,RAW,====================================
2026-05-28T16:22:24,RAW,========== CURRENT SUMMARY ==========
2026-05-28T16:22:24,RAW,WiFi Status   : Connected
2026-05-28T16:22:24,RAW,ESP32 IP      : 172.20.10.14
2026-05-28T16:22:24,RAW,RSSI          : -74 dBm
2026-05-28T16:22:24,RAW,UDP Count     : 54
2026-05-28T16:22:24,RAW,CSI Count     : 116
2026-05-28T16:22:24,RAW,"Last UDP      : PING,6,1779956528.887866"
2026-05-28T16:22:24,RAW,"Last ACK      : ACK,PING,6,1779956528.887866,RSSI=-79"
2026-05-28T16:22:24,RAW,Last UDP RSSI : -79 dBm
2026-05-28T16:22:24,RAW,====================================
2026-05-28T16:22:25,RAW,========== CURRENT SUMMARY ==========
2026-05-28T16:22:25,RAW,WiFi Status   : Connected
2026-05-28T16:22:25,RAW,ESP32 IP      : 172.20.10.14
2026-05-28T16:22:25,RAW,RSSI          : -74 dBm
2026-05-28T16:22:25,RAW,UDP Count     : 54
2026-05-28T16:22:25,RAW,CSI Count     : 116
2026-05-28T16:22:25,RAW,"Last UDP      : PING,6,1779956528.887866"
2026-05-28T16:22:25,RAW,"Last ACK      : ACK,PING,6,1779956528.887866,RSSI=-79"
2026-05-28T16:22:25,RAW,Last UDP RSSI : -79 dBm
2026-05-28T16:22:25,RAW,====================================
2026-05-28T16:22:25,CSI,"CSI_DATA,117,664306,-75,6,128,0 0 5 2 3 -1 1 -1 -2 -2 -5 -3 -6 -3 -11 -2 -13 -2 -16 -1 -16 2 -17 3 -17 2 -15 4 -14 3 -12 4 -11 4 -6 2 -5 2 0 4 2 4 8 2 6 2 11 7 9 -1 12 8 10 7 0 0 0 0 0 0 0 0 0 0 0 0 0 0 0 0 0 0 0 0 0 0 -6 -7 -6 -10 -8 -14 -7 -17 -6 -21 -6 -23 -4 -24 -2 -24 0 -22 1 -19 3 -17 1 -11 1 -8 0 -4 0 -1 2 4 -3 21 1 8 1 11 2 12 2 12 4 13 6 11 7 10 7 7 8 6"
2026-05-28T16:22:26,RAW,========== CURRENT SUMMARY ==========
2026-05-28T16:22:26,RAW,WiFi Status   : Connected
2026-05-28T16:22:26,RAW,ESP32 IP      : 172.20.10.14
2026-05-28T16:22:26,RAW,RSSI          : -82 dBm
2026-05-28T16:22:26,RAW,UDP Count     : 54
2026-05-28T16:22:26,RAW,CSI Count     : 117
2026-05-28T16:22:26,RAW,"Last UDP      : PING,6,1779956528.887866"
2026-05-28T16:22:26,RAW,"Last ACK      : ACK,PING,6,1779956528.887866,RSSI=-79"
2026-05-28T16:22:26,RAW,Last UDP RSSI : -79 dBm
2026-05-28T16:22:26,RAW,====================================
2026-05-28T16:22:26,CSI,"CSI_DATA,118,664616,-75,6,128,0 0 3 -2 1 -2 -1 -2 -5 -1 -7 0 -11 2 -12 4 -12 8 -14 9 -16 11 -13 13 -13 13 -13 12 -10 13 -7 11 -5 9 -2 7 2 3 2 3 5 0 8 -2 11 -4 12 -5 13 -5 14 -6 14 -6 0 0 0 0 0 0 0 0 0 0 0 0 0 0 0 0 0 0 0 0 0 0 -8 -5 -12 -7 -13 -11 -16 -16 -15 -20 -14 -21 -13 -24 -10 -24 -9 -22 -5 -21 -4 -17 -2 -13 -1 -10 1 -5 4 -1 4 3 6 8 8 9 9 11 10 12 12 11 12 9 12 8 12 5 11 3 9 1"
2026-05-28T16:22:26,CSI,"CSI_DATA,119,665226,-69,6,128,0 0 1 -6 1 -8 0 -11 -1 -12 -3 -14 -6 -14 -8 -14 -9 -13 -11 -12 -10 -9 -11 -9 -10 -7 -9 -5 -6 -3 -3 -1 -1 1 2 3 4 5 7 6 9 7 9 6 11 10 10 10 9 10 9 10 9 10 0 0 0 0 0 0 0 0 0 0 0 0 0 0 0 0 0 0 0 0 0 0 15 -14 18 -12 19 -10 20 -8 19 -6 18 -4 14 -2 11 -1 7 1 3 2 -2 2 -6 3 -10 4 -13 4 -15 5 -16 5 -17 6 -16 6 -16 7 -13 8 -11 8 -8 7 -6 6 -3 4 -1 3 1 -1"
2026-05-28T16:22:27,RAW,========== CURRENT SUMMARY ==========
2026-05-28T16:22:27,RAW,WiFi Status   : Connected
2026-05-28T16:22:27,RAW,ESP32 IP      : 172.20.10.14
2026-05-28T16:22:27,RAW,RSSI          : -80 dBm
2026-05-28T16:22:27,RAW,UDP Count     : 54
2026-05-28T16:22:27,RAW,CSI Count     : 119
2026-05-28T16:22:27,RAW,"Last UDP      : PING,6,1779956528.887866"
2026-05-28T16:22:27,RAW,"Last ACK      : ACK,PING,6,1779956528.887866,RSSI=-79"
2026-05-28T16:22:27,RAW,Last UDP RSSI : -79 dBm
2026-05-28T16:22:27,RAW,====================================
2026-05-28T16:22:28,RAW,========== CURRENT SUMMARY ==========
2026-05-28T16:22:28,RAW,WiFi Status   : Connected
2026-05-28T16:22:28,RAW,ESP32 IP      : 172.20.10.14
2026-05-28T16:22:28,RAW,RSSI          : -80 dBm
2026-05-28T16:22:28,RAW,UDP Count     : 54
2026-05-28T16:22:28,RAW,CSI Count     : 119
2026-05-28T16:22:28,RAW,"Last UDP      : PING,6,1779956528.887866"
2026-05-28T16:22:28,RAW,"Last ACK      : ACK,PING,6,1779956528.887866,RSSI=-79"
2026-05-28T16:22:28,RAW,Last UDP RSSI : -79 dBm
2026-05-28T16:22:28,RAW,====================================
2026-05-28T16:22:29,RAW,========== CURRENT SUMMARY ==========
2026-05-28T16:22:29,RAW,WiFi Status   : Connected
2026-05-28T16:22:29,RAW,ESP32 IP      : 172.20.10.14
2026-05-28T16:22:29,RAW,RSSI          : -79 dBm
2026-05-28T16:22:29,RAW,UDP Count     : 54
2026-05-28T16:22:29,RAW,CSI Count     : 119
2026-05-28T16:22:29,RAW,"Last UDP      : PING,6,1779956528.887866"
2026-05-28T16:22:29,RAW,"Last ACK      : ACK,PING,6,1779956528.887866,RSSI=-79"
2026-05-28T16:22:29,RAW,Last UDP RSSI : -79 dBm
2026-05-28T16:22:29,RAW,====================================
2026-05-28T16:22:30,RAW,========== CURRENT SUMMARY ==========
2026-05-28T16:22:30,RAW,WiFi Status   : Connected
2026-05-28T16:22:30,RAW,ESP32 IP      : 172.20.10.14
2026-05-28T16:22:30,RAW,RSSI          : -80 dBm
2026-05-28T16:22:30,RAW,UDP Count     : 54
2026-05-28T16:22:30,RAW,CSI Count     : 119
2026-05-28T16:22:30,RAW,"Last UDP      : PING,6,1779956528.887866"
2026-05-28T16:22:30,RAW,"Last ACK      : ACK,PING,6,1779956528.887866,RSSI=-79"
2026-05-28T16:22:30,RAW,Last UDP RSSI : -79 dBm
2026-05-28T16:22:30,RAW,====================================
2026-05-28T16:22:30,CSI,"CSI_DATA,120,669128,-72,6,128,0 0 -5 -6 -6 -3 -7 -2 -8 2 -7 4 -7 6 -6 7 -4 9 -3 11 -2 12 -1 13 0 14 0 13 1 13 1 10 2 9 2 7 3 6 4 3 4 0 5 -1 7 -3 8 -4 9 -5 11 -3 11 -3 0 0 0 0 0 0 0 0 0 0 0 0 0 0 0 0 0 0 0 0 0 0 8 8 9 12 8 15 6 18 5 19 1 20 0 21 -2 18 -4 16 -4 13 -4 8 -3 5 -1 0 1 -3 3 -6 5 -9 7 -12 8 -14 10 -15 9 -15 9 -15 8 -15 6 -14 4 -13 2 -12 0 -10"
2026-05-28T16:22:31,RAW,========== CURRENT SUMMARY ==========
2026-05-28T16:22:31,RAW,WiFi Status   : Connected
2026-05-28T16:22:31,RAW,ESP32 IP      : 172.20.10.14
2026-05-28T16:22:31,RAW,RSSI          : -76 dBm
2026-05-28T16:22:31,RAW,UDP Count     : 54
2026-05-28T16:22:31,RAW,CSI Count     : 120
2026-05-28T16:22:31,RAW,"Last UDP      : PING,6,1779956528.887866"
2026-05-28T16:22:31,RAW,"Last ACK      : ACK,PING,6,1779956528.887866,RSSI=-79"
2026-05-28T16:22:31,RAW,Last UDP RSSI : -79 dBm
2026-05-28T16:22:31,RAW,====================================
2026-05-28T16:22:31,RAW,========== UDP DEBUG ==========
2026-05-28T16:22:31,RAW,Packet Size : 24
2026-05-28T16:22:31,RAW,Remote IP   : 172.20.10.5
2026-05-28T16:22:31,RAW,Remote Port : 63432
2026-05-28T16:22:31,RAW,"Last UDP    : PING,12,1779956550.70527"
2026-05-28T16:22:31,RAW,"ACK Message : ACK,PING,12,1779956550.70527,RSSI=-76"
2026-05-28T16:22:31,RAW,beginPacket : 1
2026-05-28T16:22:31,RAW,endPacket   : 1
2026-05-28T16:22:31,RAW,===============================
2026-05-28T16:22:32,RAW,========== CURRENT SUMMARY ==========
2026-05-28T16:22:32,RAW,WiFi Status   : Connected
2026-05-28T16:22:32,RAW,ESP32 IP      : 172.20.10.14
2026-05-28T16:22:32,RAW,RSSI          : -76 dBm
2026-05-28T16:22:32,RAW,UDP Count     : 55
2026-05-28T16:22:32,RAW,CSI Count     : 120
2026-05-28T16:22:32,RAW,"Last UDP      : PING,12,1779956550.70527"
2026-05-28T16:22:32,RAW,"Last ACK      : ACK,PING,12,1779956550.70527,RSSI=-76"
2026-05-28T16:22:32,RAW,Last UDP RSSI : -76 dBm
2026-05-28T16:22:32,RAW,====================================
2026-05-28T16:22:33,RAW,========== CURRENT SUMMARY ==========
2026-05-28T16:22:33,RAW,WiFi Status   : Connected
2026-05-28T16:22:33,RAW,ESP32 IP      : 172.20.10.14
2026-05-28T16:22:33,RAW,RSSI          : -76 dBm
2026-05-28T16:22:33,RAW,UDP Count     : 55
2026-05-28T16:22:33,RAW,CSI Count     : 120
2026-05-28T16:22:33,RAW,"Last UDP      : PING,12,1779956550.70527"
2026-05-28T16:22:33,RAW,"Last ACK      : ACK,PING,12,1779956550.70527,RSSI=-76"
2026-05-28T16:22:33,RAW,Last UDP RSSI : -76 dBm
2026-05-28T16:22:33,RAW,====================================
2026-05-28T16:22:33,CSI,"CSI_DATA,121,672194,-73,6,128,0 0 3 18 3 16 3 11 4 7 4 3 7 -3 7 -9 11 -11 13 -15 17 -17 19 -17 20 -17 21 -15 20 -13 19 -12 16 -10 13 -8 9 -7 5 -7 1 -7 -4 -8 -7 -10 -7 -13 -9 -15 -8 -17 -6 -19 0 0 0 0 0 0 0 0 0 0 0 0 0 0 0 0 0 0 0 0 0 0 -6 -7 -7 -10 -7 -15 -6 -17 -3 -18 -2 -19 2 -18 2 -17 3 -14 3 -11 2 -8 0 -4 -3 -1 -5 0 -7 1 -8 2 -9 3 -11 4 -10 6 -9 7 -6 9 -5 12 -4 13 -1 15 0 18 1 19"
2026-05-28T16:22:34,RAW,========== CURRENT SUMMARY ==========
2026-05-28T16:22:34,RAW,WiFi Status   : Connected
2026-05-28T16:22:34,RAW,ESP32 IP      : 172.20.10.14
2026-05-28T16:22:34,RAW,RSSI          : -81 dBm
2026-05-28T16:22:34,RAW,UDP Count     : 55
2026-05-28T16:22:34,RAW,CSI Count     : 121
2026-05-28T16:22:34,RAW,"Last UDP      : PING,12,1779956550.70527"
2026-05-28T16:22:34,RAW,"Last ACK      : ACK,PING,12,1779956550.70527,RSSI=-76"
2026-05-28T16:22:34,RAW,Last UDP RSSI : -76 dBm
2026-05-28T16:22:34,RAW,====================================
2026-05-28T16:22:35,RAW,========== CURRENT SUMMARY ==========
2026-05-28T16:22:35,RAW,WiFi Status   : Connected
2026-05-28T16:22:35,RAW,ESP32 IP      : 172.20.10.14
2026-05-28T16:22:35,RAW,RSSI          : -81 dBm
2026-05-28T16:22:35,RAW,UDP Count     : 55
2026-05-28T16:22:35,RAW,CSI Count     : 121
2026-05-28T16:22:35,RAW,"Last UDP      : PING,12,1779956550.70527"
2026-05-28T16:22:35,RAW,"Last ACK      : ACK,PING,12,1779956550.70527,RSSI=-76"
2026-05-28T16:22:35,RAW,Last UDP RSSI : -76 dBm
2026-05-28T16:22:35,RAW,====================================
2026-05-28T16:22:35,CSI,"CSI_DATA,122,674095,-76,6,256,0 0 1 3 2 6 2 5 3 5 5 7 7 8 8 7 10 7 9 7 10 6 11 6 10 6 10 6 12 6 11 4 12 4 12 6 11 5 11 6 11 6 10 5 9 6 9 5 7 5 8 6 8 5 0 0 0 0 0 0 0 0 0 0 0 0 0 0 0 0 0 0 0 0 0 0 -12 -16 -7 -16 -8 -18 -6 -17 -8 -19 -8 -18 -7 -18 -6 -18 -4 -19 -5 -18 -4 -18 -5 -17 -4 -16 -4 -16 -5 -13 -5 -13 -5 -12 -4 -12 -5 -10 -5 -9 -5 -6 -4 -5 -4 -3 -3 -3 -3 0 -3 1"
2026-05-28T16:22:35,RAW,========== UDP DEBUG ==========
2026-05-28T16:22:35,RAW,Packet Size : 24
2026-05-28T16:22:35,RAW,Remote IP   : 172.20.10.5
2026-05-28T16:22:35,RAW,Remote Port : 63432
2026-05-28T16:22:35,RAW,"Last UDP    : PING,13,1779956554.71215"
2026-05-28T16:22:35,RAW,"ACK Message : ACK,PING,13,1779956554.71215,RSSI=-85"
2026-05-28T16:22:35,RAW,beginPacket : 1
2026-05-28T16:22:35,RAW,endPacket   : 1
2026-05-28T16:22:35,RAW,===============================
2026-05-28T16:22:36,RAW,========== CURRENT SUMMARY ==========
2026-05-28T16:22:36,RAW,WiFi Status   : Connected
2026-05-28T16:22:36,RAW,ESP32 IP      : 172.20.10.14
2026-05-28T16:22:36,RAW,RSSI          : -85 dBm
2026-05-28T16:22:36,RAW,UDP Count     : 56
2026-05-28T16:22:36,RAW,CSI Count     : 122
2026-05-28T16:22:36,RAW,"Last UDP      : PING,13,1779956554.71215"
2026-05-28T16:22:36,RAW,"Last ACK      : ACK,PING,13,1779956554.71215,RSSI=-85"
2026-05-28T16:22:36,RAW,Last UDP RSSI : -85 dBm
2026-05-28T16:22:36,RAW,====================================
2026-05-28T16:22:36,CSI,"CSI_DATA,123,674803,-74,6,128,0 0 -5 -12 -3 -10 -4 -9 -4 -7 -3 -5 -4 -2 -5 2 -6 6 -7 7 -8 8 -9 11 -11 11 -11 11 -12 11 -10 10 -10 8 -9 7 -8 6 -6 5 -3 4 -1 5 1 5 2 6 3 7 4 9 3 10 0 0 0 0 0 0 0 0 0 0 0 0 0 0 0 0 0 0 0 0 0 0 9 3 11 4 13 6 12 10 12 12 11 14 9 15 8 15 5 13 3 11 3 8 2 5 3 3 4 1 5 -2 5 -4 7 -6 8 -7 7 -8 7 -9 6 -8 5 -10 3 -11 1 -12 0 -12 -2 -12"
2026-05-28T16:22:36,CSI,"CSI_DATA,124,674809,-74,6,128,0 0 -11 11 -8 9 -6 8 -3 8 -1 6 1 4 6 3 9 2 12 -1 14 -1 18 0 20 2 19 2 18 3 17 3 14 2 12 2 9 1 6 0 4 -3 3 -6 3 -7 3 -10 4 -11 6 -13 8 -12 0 0 0 0 0 0 0 0 0 0 0 0 0 0 0 0 0 0 0 0 0 0 -1 -10 -2 -15 -1 -19 2 -20 5 -21 8 -21 9 -20 13 -19 12 -15 11 -11 9 -9 6 -8 3 -6 -2 -7 -4 -5 -7 -5 -11 -5 -12 -5 -11 -4 -14 -4 -14 -2 -13 0 -13 3 -12 4 -13 8 -12 8"
2026-05-28T16:22:36,CSI,"CSI_DATA,125,674854,-75,6,128,0 0 -6 -11 -8 -11 -8 -9 -6 -6 -6 -3 -6 1 -7 4 -6 8 -7 13 -6 14 -8 16 -9 17 -8 17 -10 15 -9 14 -8 12 -6 11 -6 9 -3 5 -2 5 3 4 8 8 11 1 9 6 12 4 14 15 0 0 0 0 0 0 0 0 0 0 0 0 0 0 0 0 0 0 0 0 0 0 9 3 11 7 13 10 13 14 13 16 11 19 9 20 6 20 3 17 2 15 1 11 1 8 2 3 3 2 4 -3 7 -5 7 -6 9 -8 9 -9 8 -10 6 -11 4 -11 3 -12 0 -13 -3 -13 -4 -13"
2026-05-28T16:22:36,CSI,"CSI_DATA,126,674859,-74,6,128,0 0 1 -12 0 -12 -2 -10 -3 -8 -4 -5 -6 -1 -7 2 -10 5 -12 7 -13 11 -15 10 -15 11 -15 11 -15 10 -15 10 -12 7 -12 6 -8 5 -5 5 -1 5 2 2 3 8 3 6 11 16 4 13 3 13 0 0 0 0 0 0 0 0 0 0 0 0 0 0 0 0 0 0 0 0 0 0 4 7 4 11 3 14 2 17 -1 19 -2 21 -5 20 -7 18 -8 15 -8 14 -6 9 -5 7 -1 5 1 2 5 1 7 -1 10 -2 10 -2 12 -2 12 -3 11 -6 9 -7 9 -8 7 -10 4 -12 3 -12"
2026-05-28T16:22:36,CSI,"CSI_DATA,127,674865,-74,6,128,0 0 0 -13 -1 -13 -2 -11 -3 -8 -4 -5 -6 -1 -8 3 -9 5 -12 7 -15 9 -16 11 -17 11 -18 11 -18 10 -16 8 -14 7 -11 6 -9 5 -5 5 -3 5 0 7 2 8 4 8 5 13 3 14 1 14 0 0 0 0 0 0 0 0 0 0 0 0 0 0 0 0 0 0 0 0 0 0 7 7 10 9 10 13 9 15 6 19 6 21 3 23 1 21 -1 19 -4 16 -3 12 -1 8 0 5 4 1 5 0 9 -3 9 -4 12 -6 11 -6 11 -8 12 -8 8 -9 8 -11 6 -12 3 -14 2 -14"
2026-05-28T16:22:37,RAW,========== CURRENT SUMMARY ==========
2026-05-28T16:22:37,RAW,WiFi Status   : Connected
2026-05-28T16:22:37,RAW,ESP32 IP      : 172.20.10.14
2026-05-28T16:22:37,RAW,RSSI          : -84 dBm
2026-05-28T16:22:37,RAW,UDP Count     : 56
2026-05-28T16:22:37,RAW,CSI Count     : 127
2026-05-28T16:22:37,RAW,"Last UDP      : PING,13,1779956554.71215"
2026-05-28T16:22:37,RAW,"Last ACK      : ACK,PING,13,1779956554.71215,RSSI=-85"
2026-05-28T16:22:37,RAW,Last UDP RSSI : -85 dBm
2026-05-28T16:22:37,RAW,====================================
2026-05-28T16:22:38,RAW,========== CURRENT SUMMARY ==========
2026-05-28T16:22:38,RAW,WiFi Status   : Connected
2026-05-28T16:22:38,RAW,ESP32 IP      : 172.20.10.14
2026-05-28T16:22:38,RAW,RSSI          : -76 dBm
2026-05-28T16:22:38,RAW,UDP Count     : 56
2026-05-28T16:22:38,RAW,CSI Count     : 127
2026-05-28T16:22:38,RAW,"Last UDP      : PING,13,1779956554.71215"
2026-05-28T16:22:38,RAW,"Last ACK      : ACK,PING,13,1779956554.71215,RSSI=-85"
2026-05-28T16:22:38,RAW,Last UDP RSSI : -85 dBm
2026-05-28T16:22:38,RAW,====================================
2026-05-28T16:22:39,RAW,========== CURRENT SUMMARY ==========
2026-05-28T16:22:39,RAW,WiFi Status   : Connected
2026-05-28T16:22:39,RAW,ESP32 IP      : 172.20.10.14
2026-05-28T16:22:39,RAW,RSSI          : -76 dBm
2026-05-28T16:22:39,RAW,UDP Count     : 56
2026-05-28T16:22:39,RAW,CSI Count     : 127
2026-05-28T16:22:39,RAW,"Last UDP      : PING,13,1779956554.71215"
2026-05-28T16:22:39,RAW,"Last ACK      : ACK,PING,13,1779956554.71215,RSSI=-85"
2026-05-28T16:22:39,RAW,Last UDP RSSI : -85 dBm
2026-05-28T16:22:39,RAW,====================================
2026-05-28T16:22:40,RAW,========== CURRENT SUMMARY ==========
2026-05-28T16:22:40,RAW,WiFi Status   : Connected
2026-05-28T16:22:40,RAW,ESP32 IP      : 172.20.10.14
2026-05-28T16:22:40,RAW,RSSI          : -76 dBm
2026-05-28T16:22:40,RAW,UDP Count     : 56
2026-05-28T16:22:40,RAW,CSI Count     : 127
2026-05-28T16:22:40,RAW,"Last UDP      : PING,13,1779956554.71215"
2026-05-28T16:22:40,RAW,"Last ACK      : ACK,PING,13,1779956554.71215,RSSI=-85"
2026-05-28T16:22:40,RAW,Last UDP RSSI : -85 dBm
2026-05-28T16:22:40,RAW,====================================
2026-05-28T16:22:41,RAW,========== CURRENT SUMMARY ==========
2026-05-28T16:22:41,RAW,WiFi Status   : Connected
2026-05-28T16:22:41,RAW,ESP32 IP      : 172.20.10.14
2026-05-28T16:22:41,RAW,RSSI          : -76 dBm
2026-05-28T16:22:41,RAW,UDP Count     : 56
2026-05-28T16:22:41,RAW,CSI Count     : 127
2026-05-28T16:22:41,RAW,"Last UDP      : PING,13,1779956554.71215"
2026-05-28T16:22:41,RAW,"Last ACK      : ACK,PING,13,1779956554.71215,RSSI=-85"
2026-05-28T16:22:41,RAW,Last UDP RSSI : -85 dBm
2026-05-28T16:22:41,RAW,====================================
2026-05-28T16:22:42,RAW,========== CURRENT SUMMARY ==========
2026-05-28T16:22:42,RAW,WiFi Status   : Connected
2026-05-28T16:22:42,RAW,ESP32 IP      : 172.20.10.14
2026-05-28T16:22:42,RAW,RSSI          : -76 dBm
2026-05-28T16:22:42,RAW,UDP Count     : 56
2026-05-28T16:22:42,RAW,CSI Count     : 127
2026-05-28T16:22:42,RAW,"Last UDP      : PING,13,1779956554.71215"
2026-05-28T16:22:42,RAW,"Last ACK      : ACK,PING,13,1779956554.71215,RSSI=-85"
2026-05-28T16:22:42,RAW,Last UDP RSSI : -85 dBm
2026-05-28T16:22:42,RAW,====================================
2026-05-28T16:22:42,CSI,"CSI_DATA,128,680649,-74,6,128,0 0 2 -8 -1 -7 -4 -7 -7 -6 -10 -7 -12 -5 -15 -4 -18 -3 -19 -1 -21 -1 -20 -1 -20 1 -17 -1 -16 1 -13 0 -9 1 -6 3 -2 4 -1 6 3 10 3 11 4 14 3 15 5 17 3 16 0 16 0 0 0 0 0 0 0 0 0 0 0 0 0 0 0 0 0 0 0 0 0 0 -11 8 -16 9 -17 7 -21 4 -21 4 -22 1 -20 -2 -19 -5 -16 -5 -10 -5 -7 -4 -2 -3 1 1 5 2 7 6 8 6 11 8 11 9 13 9 13 8 12 6 12 4 10 1 9 -1 8 -2 6 -4"
2026-05-28T16:22:43,RAW,========== CURRENT SUMMARY ==========
2026-05-28T16:22:43,RAW,WiFi Status   : Connected
2026-05-28T16:22:43,RAW,ESP32 IP      : 172.20.10.14
2026-05-28T16:22:43,RAW,RSSI          : -81 dBm
2026-05-28T16:22:43,RAW,UDP Count     : 56
2026-05-28T16:22:43,RAW,CSI Count     : 128
2026-05-28T16:22:43,RAW,"Last UDP      : PING,13,1779956554.71215"
2026-05-28T16:22:43,RAW,"Last ACK      : ACK,PING,13,1779956554.71215,RSSI=-85"
2026-05-28T16:22:43,RAW,Last UDP RSSI : -85 dBm
2026-05-28T16:22:43,RAW,====================================
2026-05-28T16:22:43,RAW,========== UDP DEBUG ==========
2026-05-28T16:22:43,RAW,Packet Size : 25
2026-05-28T16:22:43,RAW,Remote IP   : 172.20.10.5
2026-05-28T16:22:43,RAW,Remote Port : 63432
2026-05-28T16:22:43,RAW,"Last UDP    : PING,15,1779956562.725379"
2026-05-28T16:22:43,RAW,"ACK Message : ACK,PING,15,1779956562.725379,RSSI=-81"
2026-05-28T16:22:43,RAW,beginPacket : 1
2026-05-28T16:22:43,RAW,endPacket   : 1
2026-05-28T16:22:43,RAW,===============================
2026-05-28T16:22:43,CSI,"CSI_DATA,129,681475,-73,6,128,0 0 5 -8 2 -8 2 -8 1 -10 -1 -10 -2 -11 -3 -11 -4 -10 -6 -9 -7 -9 -5 -10 -6 -10 -7 -10 -7 -10 -7 -10 -7 -11 -6 -11 -6 -10 -6 -12 -5 -12 -6 -11 -6 -10 -3 -10 -3 -11 -1 -10 -1 -9 0 0 0 0 0 0 0 0 0 0 0 0 0 0 0 0 0 0 0 0 0 0 12 -8 13 -5 13 -5 14 -4 15 -2 16 -2 17 -1 17 0 17 0 16 1 17 2 15 3 15 2 14 2 14 1 14 1 14 1 13 0 11 0 12 -1 11 -2 10 -3 9 -4 8 -5 7 -6 6 -7"
2026-05-28T16:22:44,RAW,========== CURRENT SUMMARY ==========
2026-05-28T16:22:44,RAW,WiFi Status   : Connected
2026-05-28T16:22:44,RAW,ESP32 IP      : 172.20.10.14
2026-05-28T16:22:44,RAW,RSSI          : -80 dBm
2026-05-28T16:22:44,RAW,UDP Count     : 57
2026-05-28T16:22:44,RAW,CSI Count     : 129
2026-05-28T16:22:44,RAW,"Last UDP      : PING,15,1779956562.725379"
2026-05-28T16:22:44,RAW,"Last ACK      : ACK,PING,15,1779956562.725379,RSSI=-81"
2026-05-28T16:22:44,RAW,Last UDP RSSI : -81 dBm
2026-05-28T16:22:44,RAW,====================================
2026-05-28T16:22:44,CSI,"CSI_DATA,130,682431,-74,6,128,0 0 -5 4 -4 5 1 4 5 3 7 4 11 5 13 4 16 3 15 4 23 -1 21 -3 18 -2 16 -1 11 -1 15 1 7 -1 8 0 4 -3 0 -5 -1 -7 -1 -12 -1 -13 -5 -15 -3 -16 0 -18 2 -18 0 0 0 0 0 0 0 0 0 0 0 0 0 0 0 0 0 0 0 0 0 0 10 -8 11 -5 17 -7 14 -3 22 -3 19 0 19 4 17 5 13 6 12 6 7 3 2 1 0 0 -3 -2 -4 -4 -8 -6 -8 -7 -12 -10 -10 -8 -13 -9 -13 -8 -11 -7 -13 -4 -12 0 -8 2 -7 3"
2026-05-28T16:22:45,RAW,========== CURRENT SUMMARY ==========
2026-05-28T16:22:45,RAW,WiFi Status   : Connected
2026-05-28T16:22:45,RAW,ESP32 IP      : 172.20.10.14
2026-05-28T16:22:45,RAW,RSSI          : -70 dBm
2026-05-28T16:22:45,RAW,UDP Count     : 57
2026-05-28T16:22:45,RAW,CSI Count     : 130
2026-05-28T16:22:45,RAW,"Last UDP      : PING,15,1779956562.725379"
2026-05-28T16:22:45,RAW,"Last ACK      : ACK,PING,15,1779956562.725379,RSSI=-81"
2026-05-28T16:22:45,RAW,Last UDP RSSI : -81 dBm
2026-05-28T16:22:45,RAW,====================================
2026-05-28T16:22:45,CSI,"CSI_DATA,131,684172,-74,6,128,0 0 -2 -9 -3 -9 -5 -10 -7 -7 -9 -6 -12 -4 -14 -2 -15 0 -17 2 -18 3 -17 3 -18 3 -16 3 -15 4 -12 4 -10 4 -7 4 -4 6 -1 7 1 7 1 9 5 12 3 14 8 11 2 14 0 16 0 0 0 0 0 0 0 0 0 0 0 0 0 0 0 0 0 0 0 0 0 0 -9 11 -13 11 -16 10 -18 8 -20 5 -19 4 -18 1 -16 -1 -13 -3 -9 -3 -5 -2 0 -2 3 0 7 3 9 4 10 6 11 6 13 8 11 7 10 4 9 5 9 2 7 -1 5 -3 3 -6 1 -6"
2026-05-28T16:22:46,RAW,========== CURRENT SUMMARY ==========
2026-05-28T16:22:46,RAW,WiFi Status   : Connected
2026-05-28T16:22:46,RAW,ESP32 IP      : 172.20.10.14
2026-05-28T16:22:46,RAW,RSSI          : -84 dBm
2026-05-28T16:22:46,RAW,UDP Count     : 57
2026-05-28T16:22:46,RAW,CSI Count     : 131
2026-05-28T16:22:46,RAW,"Last UDP      : PING,15,1779956562.725379"
2026-05-28T16:22:46,RAW,"Last ACK      : ACK,PING,15,1779956562.725379,RSSI=-81"
2026-05-28T16:22:46,RAW,Last UDP RSSI : -81 dBm
2026-05-28T16:22:46,RAW,====================================
2026-05-28T16:22:46,RAW,========== UDP DEBUG ==========
2026-05-28T16:22:46,RAW,Packet Size : 25
2026-05-28T16:22:46,RAW,Remote IP   : 172.20.10.5
2026-05-28T16:22:46,RAW,Remote Port : 63432
2026-05-28T16:22:46,RAW,"Last UDP    : PING,17,1779956564.729197"
2026-05-28T16:22:46,RAW,"ACK Message : ACK,PING,17,1779956564.729197,RSSI=-81"
2026-05-28T16:22:46,RAW,beginPacket : 1
2026-05-28T16:22:46,RAW,endPacket   : 1
2026-05-28T16:22:46,RAW,===============================
2026-05-28T16:22:47,RAW,========== CURRENT SUMMARY ==========
2026-05-28T16:22:47,RAW,WiFi Status   : Connected
2026-05-28T16:22:47,RAW,ESP32 IP      : 172.20.10.14
2026-05-28T16:22:47,RAW,RSSI          : -81 dBm
2026-05-28T16:22:47,RAW,UDP Count     : 58
2026-05-28T16:22:47,RAW,CSI Count     : 131
2026-05-28T16:22:47,RAW,"Last UDP      : PING,17,1779956564.729197"
2026-05-28T16:22:47,RAW,"Last ACK      : ACK,PING,17,1779956564.729197,RSSI=-81"
2026-05-28T16:22:47,RAW,Last UDP RSSI : -81 dBm
2026-05-28T16:22:47,RAW,====================================
2026-05-28T16:22:48,RAW,========== CURRENT SUMMARY ==========
2026-05-28T16:22:48,RAW,WiFi Status   : Connected
2026-05-28T16:22:48,RAW,ESP32 IP      : 172.20.10.14
2026-05-28T16:22:48,RAW,RSSI          : -86 dBm
2026-05-28T16:22:48,RAW,UDP Count     : 58
2026-05-28T16:22:48,RAW,CSI Count     : 131
2026-05-28T16:22:48,RAW,"Last UDP      : PING,17,1779956564.729197"
2026-05-28T16:22:48,RAW,"Last ACK      : ACK,PING,17,1779956564.729197,RSSI=-81"
2026-05-28T16:22:48,RAW,Last UDP RSSI : -81 dBm
2026-05-28T16:22:48,RAW,====================================
2026-05-28T16:22:48,CSI,"CSI_DATA,132,686346,-76,6,256,0 0 4 -7 -1 2 1 -3 -4 -3 -7 -3 -8 0 -5 0 -6 -1 -7 0 -7 3 -5 2 -6 2 -6 0 -5 5 -10 3 -9 5 -11 7 -10 4 -9 4 -8 6 -8 6 -8 5 -9 3 -9 3 -7 2 -6 1 0 0 0 0 0 0 0 0 0 0 0 0 0 0 0 0 0 0 0 0 0 0 17 -5 18 -5 17 -3 17 -2 19 -2 19 -1 20 0 20 1 19 0 18 1 19 2 21 3 18 1 17 3 17 1 14 0 17 -1 15 -2 13 -1 11 0 8 -5 9 -2 11 -3 8 -1 6 -7 6 -7"
2026-05-28T16:22:48,RAW,========== UDP DEBUG ==========
2026-05-28T16:22:48,RAW,Packet Size : 25
2026-05-28T16:22:48,RAW,Remote IP   : 172.20.10.5
2026-05-28T16:22:48,RAW,Remote Port : 63432
2026-05-28T16:22:48,RAW,"Last UDP    : PING,18,1779956567.782645"
2026-05-28T16:22:48,RAW,"ACK Message : ACK,PING,18,1779956567.782645,RSSI=-86"
2026-05-28T16:22:48,RAW,beginPacket : 1
2026-05-28T16:22:48,RAW,endPacket   : 1
2026-05-28T16:22:48,RAW,===============================
2026-05-28T16:22:49,RAW,========== CURRENT SUMMARY ==========
2026-05-28T16:22:49,RAW,WiFi Status   : Connected
2026-05-28T16:22:49,RAW,ESP32 IP      : 172.20.10.14
2026-05-28T16:22:49,RAW,RSSI          : -86 dBm
2026-05-28T16:22:49,RAW,UDP Count     : 59
2026-05-28T16:22:49,RAW,CSI Count     : 132
2026-05-28T16:22:49,RAW,"Last UDP      : PING,18,1779956567.782645"
2026-05-28T16:22:49,RAW,"Last ACK      : ACK,PING,18,1779956567.782645,RSSI=-86"
2026-05-28T16:22:49,RAW,Last UDP RSSI : -86 dBm
2026-05-28T16:22:49,RAW,====================================
2026-05-28T16:22:49,CSI,"CSI_DATA,133,687799,-76,6,256,0 0 -8 -6 -7 -4 -10 -4 -10 -1 -11 2 -10 4 -9 7 -9 10 -11 13 -9 16 -7 16 -7 16 -6 16 -5 15 -4 13 -1 11 0 10 2 8 4 4 6 3 9 3 12 1 12 3 16 2 11 5 15 6 0 0 0 0 0 0 0 0 0 0 0 0 0 0 0 0 0 0 0 0 0 0 -7 16 -14 15 -15 14 -18 13 -18 11 -19 8 -18 5 -15 3 -13 1 -9 -1 -4 -2 0 -3 5 -2 9 -2 12 1 13 1 13 1 15 1 14 0 12 1 12 -1 8 -2 5 -3 1 -5 -1 -5 -3 -5"
2026-05-28T16:22:49,RAW,========== UDP DEBUG ==========
2026-05-28T16:22:49,RAW,Packet Size : 26
2026-05-28T16:22:49,RAW,Remote IP   : 172.20.10.5
2026-05-28T16:22:49,RAW,Remote Port : 63432
2026-05-28T16:22:49,RAW,"Last UDP    : PING,19,1779956569.0856068"
2026-05-28T16:22:49,RAW,"ACK Message : ACK,PING,19,1779956569.0856068,RSSI=-85"
2026-05-28T16:22:49,RAW,beginPacket : 1
2026-05-28T16:22:49,RAW,endPacket   : 1
2026-05-28T16:22:49,RAW,===============================
2026-05-28T16:22:50,RAW,========== CURRENT SUMMARY ==========
2026-05-28T16:22:50,RAW,WiFi Status   : Connected
2026-05-28T16:22:50,RAW,ESP32 IP      : 172.20.10.14
2026-05-28T16:22:50,RAW,RSSI          : -85 dBm
2026-05-28T16:22:50,RAW,UDP Count     : 60
2026-05-28T16:22:50,RAW,CSI Count     : 133
2026-05-28T16:22:50,RAW,"Last UDP      : PING,19,1779956569.0856068"
2026-05-28T16:22:50,RAW,"Last ACK      : ACK,PING,19,1779956569.0856068,RSSI=-85"
2026-05-28T16:22:50,RAW,Last UDP RSSI : -85 dBm
2026-05-28T16:22:50,RAW,====================================
2026-05-28T16:22:50,CSI,"CSI_DATA,134,688893,-71,6,256,0 0 -8 -1 -11 -1 -13 0 -15 0 -15 1 -14 2 -12 2 -11 4 -8 4 -6 6 -4 7 -2 8 1 9 3 9 4 9 6 9 6 8 7 7 7 6 7 5 7 4 8 2 10 1 10 0 10 -1 11 -1 0 0 0 0 0 0 0 0 0 0 0 0 0 0 0 0 0 0 0 0 0 0 1 13 -2 15 -4 16 -5 16 -8 17 -9 15 -10 13 -11 11 -9 8 -8 5 -5 1 -2 -1 2 -3 5 -4 9 -5 12 -8 14 -8 17 -8 18 -7 18 -6 17 -6 15 -7 12 -4 8 -3 5 -2 -1 -1"
2026-05-28T16:22:50,RAW,========== UDP DEBUG ==========
2026-05-28T16:22:50,RAW,Packet Size : 24
2026-05-28T16:22:50,RAW,Remote IP   : 172.20.10.5
2026-05-28T16:22:50,RAW,Remote Port : 63432
2026-05-28T16:22:50,RAW,"Last UDP    : PING,20,1779956570.51689"
2026-05-28T16:22:50,RAW,"ACK Message : ACK,PING,20,1779956570.51689,RSSI=-76"
2026-05-28T16:22:50,RAW,beginPacket : 1
2026-05-28T16:22:50,RAW,endPacket   : 1
2026-05-28T16:22:50,RAW,===============================
2026-05-28T16:22:50,CSI,"CSI_DATA,135,688912,-71,6,128,0 0 -5 -2 -8 -2 -10 -2 -11 -2 -11 -2 -10 -1 -9 0 -8 2 -7 3 -4 3 -3 5 -2 5 -1 6 0 6 3 7 3 7 3 7 4 6 4 6 6 4 6 3 6 2 7 1 7 1 8 1 8 -1 0 0 0 0 0 0 0 0 0 0 0 0 0 0 0 0 0 0 0 0 0 0 -5 13 1 8 -4 10 -12 11 -12 6 -13 6 -13 9 -12 4 -7 3 -7 0 -5 -1 -1 -2 1 -2 5 -4 5 -3 9 -2 13 -2 12 -1 14 -4 14 -6 15 -4 13 -1 8 -4 8 -1 5 -2 2 0"
2026-05-28T16:22:50,CSI,"CSI_DATA,136,689188,-71,6,128,0 0 3 -17 3 -18 3 -17 4 -17 4 -14 4 -11 1 -9 -2 -6 -4 -3 -7 -2 -11 -3 -13 -4 -15 -4 -17 -5 -16 -7 -15 -8 -15 -10 -12 -9 -9 -9 -8 -7 -6 -6 -7 -2 -8 0 -9 1 -8 1 -14 -1 0 0 0 0 0 0 0 0 0 0 0 0 0 0 0 0 0 0 0 0 0 0 9 0 10 1 12 2 12 4 13 6 13 8 13 9 11 10 10 10 8 9 7 7 7 4 8 3 8 0 10 -1 11 -2 12 -3 14 -3 13 -4 12 -4 11 -4 10 -4 8 -6 5 -8 5 -10 3 -13"
2026-05-28T16:22:51,RAW,========== CURRENT SUMMARY ==========
2026-05-28T16:22:51,RAW,WiFi Status   : Connected
2026-05-28T16:22:51,RAW,ESP32 IP      : 172.20.10.14
2026-05-28T16:22:51,RAW,RSSI          : -79 dBm
2026-05-28T16:22:51,RAW,UDP Count     : 61
2026-05-28T16:22:51,RAW,CSI Count     : 136
2026-05-28T16:22:51,RAW,"Last UDP      : PING,20,1779956570.51689"
2026-05-28T16:22:51,RAW,"Last ACK      : ACK,PING,20,1779956570.51689,RSSI=-76"
2026-05-28T16:22:51,RAW,Last UDP RSSI : -76 dBm
2026-05-28T16:22:51,RAW,====================================
2026-05-28T16:22:51,RAW,========== UDP DEBUG ==========
2026-05-28T16:22:51,RAW,Packet Size : 25
2026-05-28T16:22:51,RAW,Remote IP   : 172.20.10.5
2026-05-28T16:22:51,RAW,Remote Port : 63432
2026-05-28T16:22:51,RAW,"Last UDP    : PING,21,1779956571.669884"
2026-05-28T16:22:51,RAW,"ACK Message : ACK,PING,21,1779956571.669884,RSSI=-77"
2026-05-28T16:22:51,RAW,beginPacket : 1
2026-05-28T16:22:51,RAW,endPacket   : 1
2026-05-28T16:22:51,RAW,===============================
2026-05-28T16:22:52,RAW,========== CURRENT SUMMARY ==========
2026-05-28T16:22:52,RAW,WiFi Status   : Connected
2026-05-28T16:22:52,RAW,ESP32 IP      : 172.20.10.14
2026-05-28T16:22:52,RAW,RSSI          : -77 dBm
2026-05-28T16:22:52,RAW,UDP Count     : 62
2026-05-28T16:22:52,RAW,CSI Count     : 136
2026-05-28T16:22:52,RAW,"Last UDP      : PING,21,1779956571.669884"
2026-05-28T16:22:52,RAW,"Last ACK      : ACK,PING,21,1779956571.669884,RSSI=-77"
2026-05-28T16:22:52,RAW,Last UDP RSSI : -77 dBm
2026-05-28T16:22:52,RAW,====================================
2026-05-28T16:22:53,RAW,========== CURRENT SUMMARY ==========
2026-05-28T16:22:53,RAW,WiFi Status   : Connected
2026-05-28T16:22:53,RAW,ESP32 IP      : 172.20.10.14
2026-05-28T16:22:53,RAW,RSSI          : -77 dBm
2026-05-28T16:22:53,RAW,UDP Count     : 62
2026-05-28T16:22:53,RAW,CSI Count     : 136
2026-05-28T16:22:53,RAW,"Last UDP      : PING,21,1779956571.669884"
2026-05-28T16:22:53,RAW,"Last ACK      : ACK,PING,21,1779956571.669884,RSSI=-77"
2026-05-28T16:22:53,RAW,Last UDP RSSI : -77 dBm
2026-05-28T16:22:53,RAW,====================================
2026-05-28T16:22:53,CSI,"CSI_DATA,137,691793,-72,6,256,0 0 6 -20 7 -20 7 -18 8 -16 7 -13 5 -9 2 -7 -2 -7 -6 -6 -9 -8 -13 -9 -13 -10 -14 -11 -14 -15 -11 -15 -10 -15 -9 -15 -6 -14 -6 -12 -5 -9 -6 -8 -6 -7 -9 -5 -8 -7 -10 -7 -11 -8 0 0 0 0 0 0 0 0 0 0 0 0 0 0 0 0 0 0 0 0 0 0 9 -2 8 1 11 0 13 2 10 2 11 2 9 3 10 5 9 3 10 1 9 0 9 0 10 -1 11 -1 12 -2 13 -3 13 -2 12 -1 11 -2 9 -2 7 -4 6 -6 4 -9 2 -12 2 -15 4 -18"
2026-05-28T16:22:53,RAW,========== UDP DEBUG ==========
2026-05-28T16:22:53,RAW,Packet Size : 26
2026-05-28T16:22:53,RAW,Remote IP   : 172.20.10.5
2026-05-28T16:22:53,RAW,Remote Port : 63432
2026-05-28T16:22:53,RAW,"Last UDP    : PING,22,1779956573.2068439"
2026-05-28T16:22:53,RAW,"ACK Message : ACK,PING,22,1779956573.2068439,RSSI=-79"
2026-05-28T16:22:53,RAW,beginPacket : 1
2026-05-28T16:22:53,RAW,endPacket   : 1
2026-05-28T16:22:53,RAW,===============================
2026-05-28T16:22:54,RAW,========== CURRENT SUMMARY ==========
2026-05-28T16:22:54,RAW,WiFi Status   : Connected
2026-05-28T16:22:54,RAW,ESP32 IP      : 172.20.10.14
2026-05-28T16:22:54,RAW,RSSI          : -79 dBm
2026-05-28T16:22:54,RAW,UDP Count     : 63
2026-05-28T16:22:54,RAW,CSI Count     : 137
2026-05-28T16:22:54,RAW,"Last UDP      : PING,22,1779956573.2068439"
2026-05-28T16:22:54,RAW,"Last ACK      : ACK,PING,22,1779956573.2068439,RSSI=-79"
2026-05-28T16:22:54,RAW,Last UDP RSSI : -79 dBm
2026-05-28T16:22:54,RAW,====================================
2026-05-28T16:22:55,RAW,========== CURRENT SUMMARY ==========
2026-05-28T16:22:55,RAW,WiFi Status   : Connected
2026-05-28T16:22:55,RAW,ESP32 IP      : 172.20.10.14
2026-05-28T16:22:55,RAW,RSSI          : -78 dBm
2026-05-28T16:22:55,RAW,UDP Count     : 63
2026-05-28T16:22:55,RAW,CSI Count     : 137
2026-05-28T16:22:55,RAW,"Last UDP      : PING,22,1779956573.2068439"
2026-05-28T16:22:55,RAW,"Last ACK      : ACK,PING,22,1779956573.2068439,RSSI=-79"
2026-05-28T16:22:55,RAW,Last UDP RSSI : -79 dBm
2026-05-28T16:22:55,RAW,====================================
2026-05-28T16:22:55,CSI,"CSI_DATA,138,694008,-71,6,128,0 0 -18 -18 -15 -19 -14 -20 -11 -18 -8 -16 -7 -12 -5 -8 -6 -2 -6 1 -8 5 -10 7 -12 9 -15 9 -18 9 -17 7 -17 5 -17 4 -16 3 -14 1 -11 1 -9 1 -8 3 -6 5 -6 6 -7 7 -7 8 0 0 0 0 0 0 0 0 0 0 0 0 0 0 0 0 0 0 0 0 0 0 9 -9 9 -9 10 -7 10 -7 10 -8 12 -8 12 -6 10 -5 10 -7 8 -8 9 -8 8 -9 8 -12 8 -12 9 -14 8 -14 9 -13 7 -12 7 -11 4 -10 1 -10 -3 -9 -8 -9 -11 -10 -14 -11 -16 -14"
2026-05-28T16:22:56,RAW,========== CURRENT SUMMARY ==========
2026-05-28T16:22:56,RAW,WiFi Status   : Connected
2026-05-28T16:22:56,RAW,ESP32 IP      : 172.20.10.14
2026-05-28T16:22:56,RAW,RSSI          : -78 dBm
2026-05-28T16:22:56,RAW,UDP Count     : 63
2026-05-28T16:22:56,RAW,CSI Count     : 138
2026-05-28T16:22:56,RAW,"Last UDP      : PING,22,1779956573.2068439"
2026-05-28T16:22:56,RAW,"Last ACK      : ACK,PING,22,1779956573.2068439,RSSI=-79"
2026-05-28T16:22:56,RAW,Last UDP RSSI : -79 dBm
2026-05-28T16:22:56,RAW,====================================
2026-05-28T16:22:57,RAW,========== CURRENT SUMMARY ==========
2026-05-28T16:22:57,RAW,WiFi Status   : Connected
2026-05-28T16:22:57,RAW,ESP32 IP      : 172.20.10.14
2026-05-28T16:22:57,RAW,RSSI          : -75 dBm
2026-05-28T16:22:57,RAW,UDP Count     : 63
2026-05-28T16:22:57,RAW,CSI Count     : 138
2026-05-28T16:22:57,RAW,"Last UDP      : PING,22,1779956573.2068439"
2026-05-28T16:22:57,RAW,"Last ACK      : ACK,PING,22,1779956573.2068439,RSSI=-79"
2026-05-28T16:22:57,RAW,Last UDP RSSI : -79 dBm
2026-05-28T16:22:57,RAW,====================================
2026-05-28T16:22:58,RAW,========== CURRENT SUMMARY ==========
2026-05-28T16:22:58,RAW,WiFi Status   : Connected
2026-05-28T16:22:58,RAW,ESP32 IP      : 172.20.10.14
2026-05-28T16:22:58,RAW,RSSI          : -75 dBm
2026-05-28T16:22:58,RAW,UDP Count     : 63
2026-05-28T16:22:58,RAW,CSI Count     : 138
2026-05-28T16:22:58,RAW,"Last UDP      : PING,22,1779956573.2068439"
2026-05-28T16:22:58,RAW,"Last ACK      : ACK,PING,22,1779956573.2068439,RSSI=-79"
2026-05-28T16:22:58,RAW,Last UDP RSSI : -79 dBm
2026-05-28T16:22:58,RAW,====================================
2026-05-28T16:22:58,CSI,"CSI_DATA,139,697295,-71,6,256,0 0 15 -6 14 -5 13 -6 12 -6 11 -6 9 -6 9 -6 9 -6 8 -6 7 -6 6 -7 5 -7 6 -6 4 -7 5 -7 5 -7 3 -6 3 -7 4 -6 4 -6 2 -6 4 -5 3 -4 3 -4 3 -4 3 -3 0 0 0 0 0 0 0 0 0 0 0 0 0 0 0 0 0 0 0 0 0 0 9 -9 9 -8 11 -7 11 -6 12 -5 13 -3 13 -3 14 -2 14 -2 14 -1 14 -1 14 -1 14 0 15 -1 15 -1 16 -1 15 -2 16 -3 15 -3 15 -3 16 -3 16 -4 16 -4 16 -4 16 -5 16 -5"
2026-05-28T16:22:58,RAW,========== UDP DEBUG ==========
2026-05-28T16:22:58,RAW,Packet Size : 25
2026-05-28T16:22:58,RAW,Remote IP   : 172.20.10.5
2026-05-28T16:22:58,RAW,Remote Port : 63432
2026-05-28T16:22:58,RAW,"Last UDP    : PING,24,1779956578.741654"
2026-05-28T16:22:58,RAW,"ACK Message : ACK,PING,24,1779956578.741654,RSSI=-76"
2026-05-28T16:22:58,RAW,beginPacket : 1
2026-05-28T16:22:58,RAW,endPacket   : 1
2026-05-28T16:22:58,RAW,===============================
2026-05-28T16:22:59,RAW,========== CURRENT SUMMARY ==========
2026-05-28T16:22:59,RAW,WiFi Status   : Connected
2026-05-28T16:22:59,RAW,ESP32 IP      : 172.20.10.14
2026-05-28T16:22:59,RAW,RSSI          : -76 dBm
2026-05-28T16:22:59,RAW,UDP Count     : 64
2026-05-28T16:22:59,RAW,CSI Count     : 139
2026-05-28T16:22:59,RAW,"Last UDP      : PING,24,1779956578.741654"
2026-05-28T16:22:59,RAW,"Last ACK      : ACK,PING,24,1779956578.741654,RSSI=-76"
2026-05-28T16:22:59,RAW,Last UDP RSSI : -76 dBm
2026-05-28T16:22:59,RAW,====================================
2026-05-28T16:23:00,RAW,========== CURRENT SUMMARY ==========
2026-05-28T16:23:00,RAW,WiFi Status   : Connected
2026-05-28T16:23:00,RAW,ESP32 IP      : 172.20.10.14
2026-05-28T16:23:00,RAW,RSSI          : -76 dBm
2026-05-28T16:23:00,RAW,UDP Count     : 64
2026-05-28T16:23:00,RAW,CSI Count     : 139
2026-05-28T16:23:00,RAW,"Last UDP      : PING,24,1779956578.741654"
2026-05-28T16:23:00,RAW,"Last ACK      : ACK,PING,24,1779956578.741654,RSSI=-76"
2026-05-28T16:23:00,RAW,Last UDP RSSI : -76 dBm
2026-05-28T16:23:00,RAW,====================================
2026-05-28T16:23:00,RAW,========== UDP DEBUG ==========
2026-05-28T16:23:00,RAW,Packet Size : 25
2026-05-28T16:23:00,RAW,Remote IP   : 172.20.10.5
2026-05-28T16:23:00,RAW,Remote Port : 63432
2026-05-28T16:23:00,RAW,"Last UDP    : PING,25,1779956580.166579"
2026-05-28T16:23:00,RAW,"ACK Message : ACK,PING,25,1779956580.166579,RSSI=-70"
2026-05-28T16:23:00,RAW,beginPacket : 1
2026-05-28T16:23:00,RAW,endPacket   : 1
2026-05-28T16:23:00,RAW,===============================
2026-05-28T16:23:01,RAW,========== CURRENT SUMMARY ==========
2026-05-28T16:23:01,RAW,WiFi Status   : Connected
2026-05-28T16:23:01,RAW,ESP32 IP      : 172.20.10.14
2026-05-28T16:23:01,RAW,RSSI          : -79 dBm
2026-05-28T16:23:01,RAW,UDP Count     : 65
2026-05-28T16:23:01,RAW,CSI Count     : 139
2026-05-28T16:23:01,RAW,"Last UDP      : PING,25,1779956580.166579"
2026-05-28T16:23:01,RAW,"Last ACK      : ACK,PING,25,1779956580.166579,RSSI=-70"
2026-05-28T16:23:01,RAW,Last UDP RSSI : -70 dBm
2026-05-28T16:23:01,RAW,====================================
2026-05-28T16:23:02,RAW,========== CURRENT SUMMARY ==========
2026-05-28T16:23:02,RAW,WiFi Status   : Connected
2026-05-28T16:23:02,RAW,ESP32 IP      : 172.20.10.14
2026-05-28T16:23:02,RAW,RSSI          : -63 dBm
2026-05-28T16:23:02,RAW,UDP Count     : 65
2026-05-28T16:23:02,RAW,CSI Count     : 139
2026-05-28T16:23:02,RAW,"Last UDP      : PING,25,1779956580.166579"
2026-05-28T16:23:02,RAW,"Last ACK      : ACK,PING,25,1779956580.166579,RSSI=-70"
2026-05-28T16:23:02,RAW,Last UDP RSSI : -70 dBm
2026-05-28T16:23:02,RAW,====================================
2026-05-28T16:23:03,RAW,========== CURRENT SUMMARY ==========
2026-05-28T16:23:03,RAW,WiFi Status   : Connected
2026-05-28T16:23:03,RAW,ESP32 IP      : 172.20.10.14
2026-05-28T16:23:03,RAW,RSSI          : -72 dBm
2026-05-28T16:23:03,RAW,UDP Count     : 65
2026-05-28T16:23:03,RAW,CSI Count     : 139
2026-05-28T16:23:03,RAW,"Last UDP      : PING,25,1779956580.166579"
2026-05-28T16:23:03,RAW,"Last ACK      : ACK,PING,25,1779956580.166579,RSSI=-70"
2026-05-28T16:23:03,RAW,Last UDP RSSI : -70 dBm
2026-05-28T16:23:03,RAW,====================================
2026-05-28T16:23:04,RAW,========== CURRENT SUMMARY ==========
2026-05-28T16:23:04,RAW,WiFi Status   : Connected
2026-05-28T16:23:04,RAW,ESP32 IP      : 172.20.10.14
2026-05-28T16:23:04,RAW,RSSI          : -79 dBm
2026-05-28T16:23:04,RAW,UDP Count     : 65
2026-05-28T16:23:04,RAW,CSI Count     : 139
2026-05-28T16:23:04,RAW,"Last UDP      : PING,25,1779956580.166579"
2026-05-28T16:23:04,RAW,"Last ACK      : ACK,PING,25,1779956580.166579,RSSI=-70"
2026-05-28T16:23:04,RAW,Last UDP RSSI : -70 dBm
2026-05-28T16:23:04,RAW,====================================
2026-05-28T16:23:05,RAW,========== CURRENT SUMMARY ==========
2026-05-28T16:23:05,RAW,WiFi Status   : Connected
2026-05-28T16:23:05,RAW,ESP32 IP      : 172.20.10.14
2026-05-28T16:23:05,RAW,RSSI          : -79 dBm
2026-05-28T16:23:05,RAW,UDP Count     : 65
2026-05-28T16:23:05,RAW,CSI Count     : 139
2026-05-28T16:23:05,RAW,"Last UDP      : PING,25,1779956580.166579"
2026-05-28T16:23:05,RAW,"Last ACK      : ACK,PING,25,1779956580.166579,RSSI=-70"
2026-05-28T16:23:05,RAW,Last UDP RSSI : -70 dBm
2026-05-28T16:23:05,RAW,====================================
2026-05-28T16:23:05,CSI,"CSI_DATA,140,704144,-71,6,128,0 0 -10 14 -11 14 -9 14 -7 12 -4 11 -2 9 3 8 7 6 11 6 13 5 17 5 19 5 20 6 21 8 20 9 19 9 16 8 14 10 12 8 8 5 7 2 6 0 5 -3 6 -6 7 -9 10 -9 0 0 0 0 0 0 0 0 0 0 0 0 0 0 0 0 0 0 0 0 0 0 -6 -6 -5 -10 -4 -14 -3 -17 0 -19 4 -20 6 -19 9 -16 10 -13 8 -11 7 -7 5 -6 1 -3 -2 -2 -5 -1 -8 -1 -11 -1 -13 0 -15 -1 -16 0 -16 1 -15 3 -14 4 -13 7 -13 9 -12 11"
2026-05-28T16:23:06,RAW,========== CURRENT SUMMARY ==========
2026-05-28T16:23:06,RAW,WiFi Status   : Connected
2026-05-28T16:23:06,RAW,ESP32 IP      : 172.20.10.14
2026-05-28T16:23:06,RAW,RSSI          : -78 dBm
2026-05-28T16:23:06,RAW,UDP Count     : 65
2026-05-28T16:23:06,RAW,CSI Count     : 140
2026-05-28T16:23:06,RAW,"Last UDP      : PING,25,1779956580.166579"
2026-05-28T16:23:06,RAW,"Last ACK      : ACK,PING,25,1779956580.166579,RSSI=-70"
2026-05-28T16:23:06,RAW,Last UDP RSSI : -70 dBm
2026-05-28T16:23:06,RAW,====================================
2026-05-28T16:23:06,CSI,"CSI_DATA,141,704759,-72,6,128,0 0 -6 -17 -6 -16 -6 -16 -7 -15 -8 -13 -7 -11 -8 -8 -9 -5 -10 -2 -12 0 -16 2 -17 3 -19 4 -21 3 -21 2 -22 0 -20 -1 -20 -1 -17 -3 -13 -2 -11 -3 -9 -1 -8 1 -6 2 -8 6 -10 8 0 0 0 0 0 0 0 0 0 0 0 0 0 0 0 0 0 0 0 0 0 0 4 -4 7 -5 10 -4 13 -2 14 1 14 4 13 8 11 9 9 10 7 8 4 7 3 6 2 2 1 -2 2 -4 3 -7 5 -10 5 -11 6 -12 6 -12 5 -12 5 -12 3 -13 1 -14 -1 -15 -3 -15"
2026-05-28T16:23:07,RAW,========== CURRENT SUMMARY ==========
2026-05-28T16:23:07,RAW,WiFi Status   : Connected
2026-05-28T16:23:07,RAW,ESP32 IP      : 172.20.10.14
2026-05-28T16:23:07,RAW,RSSI          : -79 dBm
2026-05-28T16:23:07,RAW,UDP Count     : 65
2026-05-28T16:23:07,RAW,CSI Count     : 141
2026-05-28T16:23:07,RAW,"Last UDP      : PING,25,1779956580.166579"
2026-05-28T16:23:07,RAW,"Last ACK      : ACK,PING,25,1779956580.166579,RSSI=-70"
2026-05-28T16:23:07,RAW,Last UDP RSSI : -70 dBm
2026-05-28T16:23:07,RAW,====================================
2026-05-28T16:23:07,CSI,"CSI_DATA,142,706190,-70,6,128,0 0 9 0 20 -4 11 -3 9 -9 9 -8 8 -9 10 -11 9 -6 2 -8 3 -17 2 -18 1 -15 -2 -21 1 -18 4 -16 3 -16 2 -13 3 -13 2 -10 2 -15 3 -10 -3 -7 -3 -6 -4 -6 -4 -11 -6 -7 0 0 0 0 0 0 0 0 0 0 0 0 0 0 0 0 0 0 0 0 0 0 1 8 -1 10 -3 11 -7 13 -9 11 -11 9 -12 8 -13 4 -11 1 -10 1 -6 0 -3 -1 0 0 3 0 5 2 7 5 10 10 10 10 8 10 7 9 12 9 8 10 9 8 9 8 6 -1 13 -5"
2026-05-28T16:23:07,CSI,"CSI_DATA,143,706196,-71,6,128,0 0 11 -10 10 -10 9 -12 7 -13 7 -14 4 -13 2 -12 -1 -13 -4 -14 -7 -14 -8 -15 -9 -17 -10 -18 -10 -19 -7 -18 -7 -18 -6 -16 -5 -15 -5 -12 -5 -11 -6 -7 -7 -6 -9 -5 -12 -5 -13 -6 -13 -9 0 0 0 0 0 0 0 0 0 0 0 0 0 0 0 0 0 0 0 0 0 0 3 0 6 3 8 6 8 10 6 12 4 15 0 17 -1 16 -4 15 -6 12 -5 9 -5 6 -2 2 0 1 5 -2 7 -2 11 -2 12 -2 15 0 16 0 16 0 16 -1 13 -1 13 -4 12 -4 12 -8"
2026-05-28T16:23:08,RAW,========== CURRENT SUMMARY ==========
2026-05-28T16:23:08,RAW,WiFi Status   : Connected
2026-05-28T16:23:08,RAW,ESP32 IP      : 172.20.10.14
2026-05-28T16:23:08,RAW,RSSI          : -82 dBm
2026-05-28T16:23:08,RAW,UDP Count     : 65
2026-05-28T16:23:08,RAW,CSI Count     : 143
2026-05-28T16:23:08,RAW,"Last UDP      : PING,25,1779956580.166579"
2026-05-28T16:23:08,RAW,"Last ACK      : ACK,PING,25,1779956580.166579,RSSI=-70"
2026-05-28T16:23:08,RAW,Last UDP RSSI : -70 dBm
2026-05-28T16:23:08,RAW,====================================
2026-05-28T16:23:09,RAW,========== CURRENT SUMMARY ==========
2026-05-28T16:23:09,RAW,WiFi Status   : Connected
2026-05-28T16:23:09,RAW,ESP32 IP      : 172.20.10.14
2026-05-28T16:23:09,RAW,RSSI          : -82 dBm
2026-05-28T16:23:09,RAW,UDP Count     : 65
2026-05-28T16:23:09,RAW,CSI Count     : 143
2026-05-28T16:23:09,RAW,"Last UDP      : PING,25,1779956580.166579"
2026-05-28T16:23:09,RAW,"Last ACK      : ACK,PING,25,1779956580.166579,RSSI=-70"
2026-05-28T16:23:09,RAW,Last UDP RSSI : -70 dBm
2026-05-28T16:23:09,RAW,====================================
2026-05-28T16:23:09,RAW,========== UDP DEBUG ==========
2026-05-28T16:23:09,RAW,Packet Size : 25
2026-05-28T16:23:09,RAW,Remote IP   : 172.20.10.5
2026-05-28T16:23:09,RAW,Remote Port : 63432
2026-05-28T16:23:09,RAW,"Last UDP    : PING,28,1779956589.269221"
2026-05-28T16:23:09,RAW,"ACK Message : ACK,PING,28,1779956589.269221,RSSI=-82"
2026-05-28T16:23:09,RAW,beginPacket : 1
2026-05-28T16:23:09,RAW,endPacket   : 1
2026-05-28T16:23:09,RAW,===============================
2026-05-28T16:23:09,CSI,"CSI_DATA,144,707880,-73,6,128,0 0 5 14 6 15 6 14 7 14 6 12 5 10 6 7 6 3 7 -1 7 -3 8 -7 11 -10 12 -13 15 -12 16 -13 15 -12 17 -11 17 -10 16 -7 13 -5 11 -4 9 -4 5 -3 1 -5 -1 -7 -2 -10 0 0 0 0 0 0 0 0 0 0 0 0 0 0 0 0 0 0 0 0 0 0 -5 -1 -8 -3 -10 -4 -10 -8 -10 -11 -10 -13 -7 -15 -6 -16 -4 -15 -3 -13 -1 -11 0 -8 -1 -6 -2 -3 -2 1 -4 4 -5 5 -7 5 -9 7 -9 9 -8 8 -5 9 -5 9 -4 10 0 12 2 14"
2026-05-28T16:23:10,RAW,========== CURRENT SUMMARY ==========
2026-05-28T16:23:10,RAW,WiFi Status   : Connected
2026-05-28T16:23:10,RAW,ESP32 IP      : 172.20.10.14
2026-05-28T16:23:10,RAW,RSSI          : -82 dBm
2026-05-28T16:23:10,RAW,UDP Count     : 66
2026-05-28T16:23:10,RAW,CSI Count     : 144
2026-05-28T16:23:10,RAW,"Last UDP      : PING,28,1779956589.269221"
2026-05-28T16:23:10,RAW,"Last ACK      : ACK,PING,28,1779956589.269221,RSSI=-82"
2026-05-28T16:23:10,RAW,Last UDP RSSI : -82 dBm
2026-05-28T16:23:10,RAW,====================================
2026-05-28T16:23:11,RAW,========== CURRENT SUMMARY ==========
2026-05-28T16:23:11,RAW,WiFi Status   : Connected
2026-05-28T16:23:11,RAW,ESP32 IP      : 172.20.10.14
2026-05-28T16:23:11,RAW,RSSI          : -77 dBm
2026-05-28T16:23:11,RAW,UDP Count     : 66
2026-05-28T16:23:11,RAW,CSI Count     : 144
2026-05-28T16:23:11,RAW,"Last UDP      : PING,28,1779956589.269221"
2026-05-28T16:23:11,RAW,"Last ACK      : ACK,PING,28,1779956589.269221,RSSI=-82"
2026-05-28T16:23:11,RAW,Last UDP RSSI : -82 dBm
2026-05-28T16:23:11,RAW,====================================
